Neighbourhood;Borough
Eastchester;Bronx
Kingsbridge;Bronx
Woodlawn;Bronx
Allerton;Bronx
Spuyten Duyvil;Bronx
Longwood;Bronx
Concourse;Bronx
Fieldston;Bronx
City Island;Bronx
Parkchester;Bronx
Port Morris;Bronx
Bronxdale;Bronx
Riverdale;Bronx
Williamsbridge;Bronx
Mott Haven;Bronx
Concourse Village;Bronx
Clason Point;Bronx
Mount Hope;Bronx
East Morrisania;Bronx
Throgs Neck;Bronx
Morrisania;Bronx
Pelham Bay;Bronx
Wakefield;Bronx
Baychester;Bronx
Melrose;Bronx
Norwood;Bronx
Pelham Gardens;Bronx
Claremont Village;Bronx
Tremont;Bronx
University Heights;Bronx
Fordham;Bronx
Schuylerville;Bronx
Van Nest;Bronx
Highbridge;Bronx
Castle Hill;Bronx
North Riverdale;Bronx
Soundview;Bronx
Morris Heights;Bronx
Westchester Square;Bronx
Unionport;Bronx
Belmont;Bronx
Edenwald;Bronx
Morris Park;Bronx
Mount Eden;Bronx
Hunts Point;Bronx
West Farms;Bronx
Co-op City;Bronx
Olinville;Bronx
Clinton Hill;Brooklyn
Williamsburg;Brooklyn
Fort Greene;Brooklyn
Crown Heights;Brooklyn
Bedford-Stuyvesant;Brooklyn
Bushwick;Brooklyn
South Slope;Brooklyn
Prospect-Lefferts Gardens;Brooklyn
Greenpoint;Brooklyn
Prospect Heights;Brooklyn
Park Slope;Brooklyn
Flatbush;Brooklyn
Brooklyn Heights;Brooklyn
Carroll Gardens;Brooklyn
Gowanus;Brooklyn
Cobble Hill;Brooklyn
Boerum Hill;Brooklyn
East Flatbush;Brooklyn
Windsor Terrace;Brooklyn
Gravesend;Brooklyn
East New York;Brooklyn
Sheepshead Bay;Brooklyn
Fort Hamilton;Brooklyn
Bensonhurst;Brooklyn
Sunset Park;Brooklyn
DUMBO;Brooklyn
Kensington;Brooklyn
Columbia St;Brooklyn
Brighton Beach;Brooklyn
Vinegar Hill;Brooklyn
Flatlands;Brooklyn
Downtown Brooklyn;Brooklyn
Bay Ridge;Brooklyn
Red Hook;Brooklyn
Canarsie;Brooklyn
Cypress Hills;Brooklyn
Sea Gate;Brooklyn
Navy Yard;Brooklyn
Borough Park;Brooklyn
Brownsville;Brooklyn
Midwood;Brooklyn
Manhattan Beach;Brooklyn
Dyker Heights;Brooklyn
Bergen Beach;Brooklyn
Coney Island;Brooklyn
Bath Beach;Brooklyn
Mill Basin;Brooklyn
Midtown;Manhattan
East Harlem;Manhattan
Murray Hill;Manhattan
Chinatown;Manhattan
Upper West Side;Manhattan
West Village;Manhattan
Hell's Kitchen;Manhattan
East Village;Manhattan
Harlem;Manhattan
Kips Bay;Manhattan
SoHo;Manhattan
Chelsea;Manhattan
Upper East Side;Manhattan
Lower East Side;Manhattan
Financial District;Manhattan
Flatiron District;Manhattan
Greenwich Village;Manhattan
Little Italy;Manhattan
Washington Heights;Manhattan
Nolita;Manhattan
Gramercy;Manhattan
Theater District;Manhattan
Inwood;Manhattan
Tribeca;Manhattan
Civic Center;Manhattan
NoHo;Manhattan
Morningside Heights;Manhattan
Battery Park City;Manhattan
Two Bridges;Manhattan
Stuyvesant Town;Manhattan
Roosevelt Island;Manhattan
Marble Hill;Manhattan
Ridgewood;Queens
Middle Village;Queens
Ditmars Steinway;Queens
Astoria;Queens
Forest Hills;Queens
Long Island City;Queens
Elmhurst;Queens
Sunnyside;Queens
Rego Park;Queens
Arverne;Queens
Woodside;Queens
Bayside;Queens
College Point;Queens
Flushing;Queens
Briarwood;Queens
East Elmhurst;Queens
Richmond Hill;Queens
Queens Village;Queens
Glendale;Queens
Jackson Heights;Queens
Maspeth;Queens
St. Albans;Queens
Kew Gardens Hills;Queens
Ozone Park;Queens
Jamaica;Queens
Rockaway Beach;Queens
Whitestone;Queens
Woodhaven;Queens
Bay Terrace;Queens
Springfield Gardens;Queens
Howard Beach;Queens
Jamaica Estates;Queens
Kew Gardens;Queens
Fresh Meadows;Queens
Neponsit;Queens
Bellerose;Queens
Far Rockaway;Queens
Edgemere;Queens
Rosedale;Queens
Cambria Heights;Queens
Corona;Queens
South Ozone Park;Queens
Douglaston;Queens
Laurelton;Queens
Hollis;Queens
Bayswater;Queens
Belle Harbor;Queens
Jamaica Hills;Queens
Little Neck;Queens
Holliswood;Queens
Breezy Point;Queens
Shore Acres;Staten Island
Arrochar;Staten Island
Tottenville;Staten Island
Port Richmond;Staten Island
Woodrow;Staten Island
Clifton;Staten Island
St. George;Staten Island
Stapleton;Staten Island
Lighthouse Hill;Staten Island
Tompkinsville;Staten Island
West Brighton;Staten Island
Mariners Harbor;Staten Island
Great Kills;Staten Island
Dongan Hills;Staten Island
Todt Hill;Staten Island
Silver Lake;Staten Island
Randall Manor;Staten Island
Concord;Staten Island
Grymes Hill;Staten Island
Castleton Corners;Staten Island
Midland Beach;Staten Island
Richmondtown;Staten Island
Howland Hook;Staten Island
New Dorp Beach;Staten Island
Prince's Bay;Staten Island
South Beach;Staten Island
Eltingville;Staten Island
Oakwood;Staten Island
Huguenot;Staten Island
Grant City;Staten Island
Emerson Hill;Staten Island
Westerleigh;Staten Island
Bay Terrace, Staten Island;Staten Island
Fort Wadsworth;Staten Island
New Springville;Staten Island
Arden Heights;Staten Island
New Dorp;Staten Island
Graniteville;Staten Island
Rossville;Staten Island
Willowbrook;Staten Island
Rosebank;Staten Island
New Brighton;Staten Island
Bull's Head;Staten Island